-- MySQL dump 10.13  Distrib 5.5.37, for debian-linux-gnu (i686)
--
-- Host: localhost    Database: billing
-- ------------------------------------------------------
-- Server version	5.5.37-0ubuntu0.12.04.1-log

/*!40101 SET @OLD_CHARACTER_SET_CLIENT=@@CHARACTER_SET_CLIENT */;
/*!40101 SET @OLD_CHARACTER_SET_RESULTS=@@CHARACTER_SET_RESULTS */;
/*!40101 SET @OLD_COLLATION_CONNECTION=@@COLLATION_CONNECTION */;
/*!40101 SET NAMES utf8 */;
/*!40103 SET @OLD_TIME_ZONE=@@TIME_ZONE */;
/*!40103 SET TIME_ZONE='+00:00' */;
/*!40014 SET @OLD_UNIQUE_CHECKS=@@UNIQUE_CHECKS, UNIQUE_CHECKS=0 */;
/*!40014 SET @OLD_FOREIGN_KEY_CHECKS=@@FOREIGN_KEY_CHECKS, FOREIGN_KEY_CHECKS=0 */;
/*!40101 SET @OLD_SQL_MODE=@@SQL_MODE, SQL_MODE='NO_AUTO_VALUE_ON_ZERO' */;
/*!40111 SET @OLD_SQL_NOTES=@@SQL_NOTES, SQL_NOTES=0 */;

--
-- Table structure for table `bill_items`
--

DROP TABLE IF EXISTS `bill_items`;
/*!40101 SET @saved_cs_client     = @@character_set_client */;
/*!40101 SET character_set_client = utf8 */;
CREATE TABLE `bill_items` (
  `id` int(11) NOT NULL AUTO_INCREMENT,
  `voice` decimal(10,0) DEFAULT NULL,
  `message` decimal(10,0) DEFAULT NULL,
  `internet` decimal(10,0) DEFAULT NULL,
  `service` decimal(10,0) DEFAULT NULL,
  `proxy` decimal(10,0) DEFAULT NULL,
  `bill_id` int(11) DEFAULT NULL,
  `number_id` int(11) NOT NULL,
  `created_at` datetime NOT NULL,
  `updated_at` datetime NOT NULL,
  PRIMARY KEY (`id`),
  KEY `fk_rails_e8f2222a4d` (`number_id`),
  KEY `fk_rails_6de1f5051f` (`bill_id`),
  CONSTRAINT `fk_rails_6de1f5051f` FOREIGN KEY (`bill_id`) REFERENCES `bills` (`id`) ON DELETE CASCADE,
  CONSTRAINT `fk_rails_e8f2222a4d` FOREIGN KEY (`number_id`) REFERENCES `numbers` (`id`)
) ENGINE=InnoDB AUTO_INCREMENT=70 DEFAULT CHARSET=utf8 COLLATE=utf8_unicode_ci;
/*!40101 SET character_set_client = @saved_cs_client */;

--
-- Dumping data for table `bill_items`
--

LOCK TABLES `bill_items` WRITE;
/*!40000 ALTER TABLE `bill_items` DISABLE KEYS */;
INSERT INTO `bill_items` VALUES (19,0,0,0,5,0,3,1084,'2016-03-28 14:25:05','2016-03-28 14:25:05'),(20,0,0,0,5,0,3,1083,'2016-03-28 14:25:05','2016-03-28 14:25:05'),(21,0,0,0,5,0,3,1082,'2016-03-28 14:25:05','2016-03-28 14:25:05'),(22,129,0,0,5,0,3,1081,'2016-03-28 14:25:05','2016-03-28 14:25:05'),(23,12,0,0,5,0,3,1077,'2016-03-28 14:25:05','2016-03-28 14:25:05'),(24,20,0,0,11,0,3,1076,'2016-03-28 14:25:05','2016-03-28 14:25:05'),(25,0,0,0,5,0,3,1075,'2016-03-28 14:25:05','2016-03-28 14:25:05'),(26,0,0,0,5,0,3,1074,'2016-03-28 14:25:05','2016-03-28 14:25:05'),(27,1,0,0,5,0,3,1073,'2016-03-28 14:25:05','2016-03-28 14:25:05'),(28,0,0,0,5,0,4,1084,'2016-03-29 13:23:51','2016-03-29 13:23:51'),(29,0,0,0,5,0,4,1083,'2016-03-29 13:23:51','2016-03-29 13:23:51'),(30,0,0,0,5,0,4,1082,'2016-03-29 13:23:51','2016-03-29 13:23:51'),(31,129,0,0,5,0,4,1081,'2016-03-29 13:23:51','2016-03-29 13:23:51'),(32,12,0,0,5,0,4,1077,'2016-03-29 13:23:51','2016-03-29 13:23:51'),(33,20,0,0,11,0,4,1076,'2016-03-29 13:23:51','2016-03-29 13:23:51'),(34,0,0,0,5,0,4,1075,'2016-03-29 13:23:51','2016-03-29 13:23:51'),(35,0,0,0,5,0,4,1074,'2016-03-29 13:23:51','2016-03-29 13:23:51'),(36,1,0,0,5,0,4,1073,'2016-03-29 13:23:51','2016-03-29 13:23:51'),(37,0,0,0,5,0,5,1084,'2016-03-29 13:27:17','2016-03-29 13:27:17'),(38,0,0,0,5,0,5,1083,'2016-03-29 13:27:17','2016-03-29 13:27:17'),(39,0,0,0,5,0,5,1082,'2016-03-29 13:27:17','2016-03-29 13:27:17'),(40,129,0,0,5,0,5,1081,'2016-03-29 13:27:17','2016-03-29 13:27:17'),(41,12,0,0,5,0,5,1077,'2016-03-29 13:27:17','2016-03-29 13:27:17'),(42,20,0,0,11,0,5,1076,'2016-03-29 13:27:17','2016-03-29 13:27:17'),(43,0,0,0,5,0,5,1075,'2016-03-29 13:27:17','2016-03-29 13:27:17'),(44,0,0,0,5,0,5,1074,'2016-03-29 13:27:17','2016-03-29 13:27:17'),(45,1,0,0,5,0,5,1073,'2016-03-29 13:27:17','2016-03-29 13:27:17'),(46,0,0,0,5,0,6,1084,'2016-03-29 13:27:32','2016-03-29 13:27:32'),(47,0,0,0,5,0,6,1083,'2016-03-29 13:27:32','2016-03-29 13:27:32'),(48,0,0,0,5,0,6,1082,'2016-03-29 13:27:32','2016-03-29 13:27:32'),(49,129,0,0,5,0,6,1081,'2016-03-29 13:27:32','2016-03-29 13:27:32'),(50,12,0,0,5,0,6,1077,'2016-03-29 13:27:32','2016-03-29 13:27:32'),(51,20,0,0,11,0,6,1076,'2016-03-29 13:27:32','2016-03-29 13:27:32'),(52,0,0,0,5,0,6,1075,'2016-03-29 13:27:32','2016-03-29 13:27:32'),(53,0,0,0,5,0,6,1074,'2016-03-29 13:27:32','2016-03-29 13:27:32'),(54,1,0,0,5,0,6,1073,'2016-03-29 13:27:32','2016-03-29 13:27:32'),(55,0,0,0,5,0,7,1109,'2016-03-29 13:31:26','2016-03-29 13:31:26'),(56,0,0,0,5,0,7,1108,'2016-03-29 13:31:26','2016-03-29 13:31:26'),(57,0,0,0,5,0,7,1107,'2016-03-29 13:31:26','2016-03-29 13:31:26'),(58,129,0,0,5,0,7,1106,'2016-03-29 13:31:26','2016-03-29 13:31:26'),(59,12,0,0,5,0,7,1105,'2016-03-29 13:31:26','2016-03-29 13:31:26'),(60,12,0,0,0,0,8,1115,'2016-03-31 11:43:05','2016-03-31 11:43:05'),(61,33,0,0,0,0,8,1116,'2016-03-31 11:43:05','2016-03-31 11:43:05'),(62,22,0,0,0,0,8,1117,'2016-03-31 11:43:05','2016-03-31 11:43:05'),(63,11,0,0,0,0,8,1118,'2016-03-31 11:43:05','2016-03-31 11:43:05'),(64,33,0,0,0,0,8,1119,'2016-03-31 11:43:05','2016-03-31 11:43:05'),(65,33,0,0,0,0,8,1120,'2016-03-31 11:43:05','2016-03-31 11:43:05'),(66,44,0,0,0,0,8,1121,'2016-03-31 11:43:05','2016-03-31 11:43:05'),(67,55,0,0,0,0,8,1122,'2016-03-31 11:43:05','2016-03-31 11:43:05'),(68,66,0,0,0,0,8,1123,'2016-03-31 11:43:05','2016-03-31 11:43:05'),(69,77,0,0,0,0,8,1124,'2016-03-31 11:43:05','2016-03-31 11:43:05');
/*!40000 ALTER TABLE `bill_items` ENABLE KEYS */;
UNLOCK TABLES;

--
-- Table structure for table `bills`
--

DROP TABLE IF EXISTS `bills`;
/*!40101 SET @saved_cs_client     = @@character_set_client */;
/*!40101 SET character_set_client = utf8 */;
CREATE TABLE `bills` (
  `id` int(11) NOT NULL AUTO_INCREMENT,
  `company_id` int(11) NOT NULL,
  `bill_import_log_id` int(11) DEFAULT NULL,
  `year` int(11) DEFAULT NULL,
  `month` int(11) DEFAULT NULL,
  `remark` text COLLATE utf8_unicode_ci,
  `created_at` datetime NOT NULL,
  `updated_at` datetime NOT NULL,
  PRIMARY KEY (`id`),
  KEY `fk_rails_d6d82dde08` (`company_id`),
  KEY `fk_rails_370c407e0f` (`bill_import_log_id`),
  CONSTRAINT `fk_rails_370c407e0f` FOREIGN KEY (`bill_import_log_id`) REFERENCES `import_logs` (`id`) ON DELETE CASCADE,
  CONSTRAINT `fk_rails_d6d82dde08` FOREIGN KEY (`company_id`) REFERENCES `companies` (`id`)
) ENGINE=InnoDB AUTO_INCREMENT=9 DEFAULT CHARSET=utf8 COLLATE=utf8_unicode_ci;
/*!40101 SET character_set_client = @saved_cs_client */;

--
-- Dumping data for table `bills`
--

LOCK TABLES `bills` WRITE;
/*!40000 ALTER TABLE `bills` DISABLE KEYS */;
INSERT INTO `bills` VALUES (3,552,136,2016,1,NULL,'2016-03-28 14:25:05','2016-03-28 14:25:05'),(4,552,139,2016,3,NULL,'2016-03-29 13:23:51','2016-03-29 13:23:51'),(5,552,140,2017,4,NULL,'2016-03-29 13:27:17','2016-03-29 13:27:17'),(6,552,141,2016,4,NULL,'2016-03-29 13:27:32','2016-03-29 13:27:32'),(7,553,142,2016,3,NULL,'2016-03-29 13:31:26','2016-03-29 13:31:26'),(8,555,144,2016,3,NULL,'2016-03-31 11:43:05','2016-03-31 11:43:05');
/*!40000 ALTER TABLE `bills` ENABLE KEYS */;
UNLOCK TABLES;

--
-- Table structure for table `companies`
--

DROP TABLE IF EXISTS `companies`;
/*!40101 SET @saved_cs_client     = @@character_set_client */;
/*!40101 SET character_set_client = utf8 */;
CREATE TABLE `companies` (
  `id` int(11) NOT NULL AUTO_INCREMENT,
  `name` varchar(255) COLLATE utf8_unicode_ci DEFAULT NULL,
  `bill_num` varchar(255) COLLATE utf8_unicode_ci DEFAULT NULL,
  `tel_office` varchar(255) COLLATE utf8_unicode_ci DEFAULT NULL,
  `apply_at` date DEFAULT NULL,
  `created_at` datetime NOT NULL,
  `updated_at` datetime NOT NULL,
  `company_import_log_id` int(11) DEFAULT NULL,
  `issue_number_import_log_id` int(11) DEFAULT NULL,
  PRIMARY KEY (`id`),
  KEY `fk_rails_2728a52e9c` (`company_import_log_id`),
  KEY `fk_rails_de8d547569` (`issue_number_import_log_id`),
  CONSTRAINT `fk_rails_2728a52e9c` FOREIGN KEY (`company_import_log_id`) REFERENCES `import_logs` (`id`) ON DELETE CASCADE,
  CONSTRAINT `fk_rails_de8d547569` FOREIGN KEY (`issue_number_import_log_id`) REFERENCES `import_logs` (`id`) ON DELETE CASCADE
) ENGINE=InnoDB AUTO_INCREMENT=556 DEFAULT CHARSET=utf8 COLLATE=utf8_unicode_ci;
/*!40101 SET character_set_client = @saved_cs_client */;

--
-- Dumping data for table `companies`
--

LOCK TABLES `companies` WRITE;
/*!40000 ALTER TABLE `companies` DISABLE KEYS */;
INSERT INTO `companies` VALUES (552,'学天',NULL,'拱墅',NULL,'2016-03-24 12:52:31','2016-03-24 12:52:31',NULL,129),(553,'杭州青牛',NULL,'江干',NULL,'2016-03-24 12:52:35','2016-03-24 12:52:35',NULL,129),(554,'贝鑫',NULL,'下城',NULL,'2016-03-24 12:52:38','2016-03-24 12:52:38',NULL,129),(555,'圆顺2',NULL,'拱墅',NULL,'2016-03-31 11:40:18','2016-03-31 11:40:18',NULL,143);
/*!40000 ALTER TABLE `companies` ENABLE KEYS */;
UNLOCK TABLES;

--
-- Table structure for table `customers`
--

DROP TABLE IF EXISTS `customers`;
/*!40101 SET @saved_cs_client     = @@character_set_client */;
/*!40101 SET character_set_client = utf8 */;
CREATE TABLE `customers` (
  `id` int(11) NOT NULL AUTO_INCREMENT,
  `name` varchar(255) COLLATE utf8_unicode_ci NOT NULL,
  `linkman` varchar(255) COLLATE utf8_unicode_ci DEFAULT NULL,
  `phone` varchar(255) COLLATE utf8_unicode_ci DEFAULT NULL,
  `address` varchar(255) COLLATE utf8_unicode_ci DEFAULT NULL,
  `remark` text COLLATE utf8_unicode_ci,
  `created_at` datetime NOT NULL,
  `updated_at` datetime NOT NULL,
  `issue_number_import_log_id` int(11) DEFAULT NULL,
  PRIMARY KEY (`id`),
  KEY `fk_rails_a680ea01ea` (`issue_number_import_log_id`),
  CONSTRAINT `fk_rails_a680ea01ea` FOREIGN KEY (`issue_number_import_log_id`) REFERENCES `import_logs` (`id`) ON DELETE CASCADE
) ENGINE=InnoDB AUTO_INCREMENT=144 DEFAULT CHARSET=utf8 COLLATE=utf8_unicode_ci;
/*!40101 SET character_set_client = @saved_cs_client */;

--
-- Dumping data for table `customers`
--

LOCK TABLES `customers` WRITE;
/*!40000 ALTER TABLE `customers` DISABLE KEYS */;
INSERT INTO `customers` VALUES (130,'学天',NULL,NULL,NULL,NULL,'2016-03-24 12:52:32','2016-03-24 12:52:32',129),(131,'杭州青牛',NULL,NULL,NULL,NULL,'2016-03-24 12:52:35','2016-03-24 12:52:35',129),(132,'在',NULL,NULL,NULL,NULL,'2016-03-24 12:52:36','2016-03-24 12:52:36',129),(133,'鼎驭',NULL,NULL,NULL,NULL,'2016-03-24 12:52:38','2016-03-24 12:52:38',129),(134,'君焕',NULL,NULL,NULL,NULL,'2016-03-24 12:52:39','2016-03-24 12:52:39',129),(135,'恒桓',NULL,NULL,NULL,NULL,'2016-03-24 12:52:39','2016-03-24 12:52:39',129),(136,'狮江',NULL,NULL,NULL,NULL,'2016-03-24 12:52:39','2016-03-24 12:52:39',129),(137,'11','','','','','2016-03-30 11:17:44','2016-03-30 11:17:44',NULL),(138,'海顺',NULL,NULL,NULL,NULL,'2016-03-31 11:40:18','2016-03-31 11:40:18',143),(139,'临安汇聚',NULL,NULL,NULL,NULL,'2016-03-31 11:40:18','2016-03-31 11:40:18',143),(140,'亿丰置业',NULL,NULL,NULL,NULL,'2016-03-31 11:40:18','2016-03-31 11:40:18',143),(141,'联美',NULL,NULL,NULL,NULL,'2016-03-31 11:40:18','2016-03-31 11:40:18',143),(142,'丢',NULL,NULL,NULL,NULL,'2016-03-31 11:40:18','2016-03-31 11:40:18',143),(143,'保留664226',NULL,NULL,NULL,NULL,'2016-03-31 11:40:19','2016-03-31 11:40:19',143);
/*!40000 ALTER TABLE `customers` ENABLE KEYS */;
UNLOCK TABLES;

--
-- Table structure for table `import_logs`
--

DROP TABLE IF EXISTS `import_logs`;
/*!40101 SET @saved_cs_client     = @@character_set_client */;
/*!40101 SET character_set_client = utf8 */;
CREATE TABLE `import_logs` (
  `id` int(11) NOT NULL AUTO_INCREMENT,
  `file_name` varchar(255) COLLATE utf8_unicode_ci DEFAULT NULL,
  `file_path` varchar(255) COLLATE utf8_unicode_ci DEFAULT NULL,
  `type` varchar(255) COLLATE utf8_unicode_ci DEFAULT NULL,
  `remark` text COLLATE utf8_unicode_ci,
  `created_at` datetime NOT NULL,
  `updated_at` datetime NOT NULL,
  PRIMARY KEY (`id`)
) ENGINE=InnoDB AUTO_INCREMENT=145 DEFAULT CHARSET=utf8 COLLATE=utf8_unicode_ci;
/*!40101 SET character_set_client = @saved_cs_client */;

--
-- Dumping data for table `import_logs`
--

LOCK TABLES `import_logs` WRITE;
/*!40000 ALTER TABLE `import_logs` DISABLE KEYS */;
INSERT INTO `import_logs` VALUES (41,'tc.xlsx','upload/tc.xlsx','CompanyImportLog','导入数据成功29条','2016-03-17 09:10:39','2016-03-17 09:10:39'),(129,'tn1 .xlsx','upload/f6rr36zj0bu1x8eg6b6.xlsx','IssueNumberImportLog','导入成功,新套餐3个,新号码65个,新客户7个,新分配记录66个,回收再分配记录1个,去掉空行2条','2016-03-24 12:52:31','2016-03-24 12:52:39'),(136,'tz1.xlsx','public/upload/5658okbykgs5q8imlwbl.xlsx','BillImportLog','导入数据成功,学天 2016年1月的账单包含9条明细记录','2016-03-28 14:25:05','2016-03-28 14:25:05'),(138,'tz1.xlsx','public/upload/b1j45u7k9jb7ifpgrsju.xlsx','BillImportLog','导入数据成功,学天 2016年2月的账单包含9条明细记录(套餐包含35个号码)','2016-03-28 14:39:35','2016-03-28 14:39:35'),(139,'tz1.xlsx','public/upload/oz5ze6femq809l6yqqlm.xlsx','BillImportLog','导入数据成功,学天 2016年3月的账单包含9条明细记录(套餐包含35个号码)','2016-03-29 13:23:50','2016-03-29 13:23:50'),(140,'tz1.xlsx','public/upload/peqcmmq45a1qi058pn3w.xlsx','BillImportLog','导入数据成功,学天 2017年4月的账单包含9条明细记录(套餐包含35个号码)','2016-03-29 13:27:17','2016-03-29 13:27:17'),(141,'tz1.xlsx','public/upload/26amqjdjqhq65ifmx7n.xlsx','BillImportLog','导入数据成功,学天 2016年4月的账单包含9条明细记录(套餐包含35个号码)','2016-03-29 13:27:32','2016-03-29 13:27:32'),(142,'tz2.xlsx','public/upload/j6s4o8puek6a6b2188fr.xlsx','BillImportLog','导入数据成功,杭州青牛 2016年3月的账单包含5条明细记录(套餐包含25个号码)','2016-03-29 13:31:26','2016-03-29 13:31:26'),(143,'基础数据导入模板.xlsx','public/upload/nm3ld8403zig7f658ygt.xlsx','IssueNumberImportLog','导入成功,新套餐1个,新号码10个,新客户6个,新分配记录11个,回收再分配记录1个','2016-03-31 11:40:17','2016-03-31 11:40:19'),(144,'账单导入模板.xlsx','public/upload/24cibxppnbgpm2g4hydz.xlsx','BillImportLog','导入数据成功,圆顺2 2016年3月的账单包含10条明细记录(套餐包含10个号码)','2016-03-31 11:43:05','2016-03-31 11:43:05');
/*!40000 ALTER TABLE `import_logs` ENABLE KEYS */;
UNLOCK TABLES;

--
-- Table structure for table `issue_numbers`
--

DROP TABLE IF EXISTS `issue_numbers`;
/*!40101 SET @saved_cs_client     = @@character_set_client */;
/*!40101 SET character_set_client = utf8 */;
CREATE TABLE `issue_numbers` (
  `id` int(11) NOT NULL AUTO_INCREMENT,
  `customer_id` int(11) NOT NULL,
  `number_id` int(11) NOT NULL,
  `issue_number_import_log_id` int(11) DEFAULT NULL,
  `issue_at` date NOT NULL,
  `back_at` date DEFAULT NULL,
  `created_at` datetime NOT NULL,
  `updated_at` datetime NOT NULL,
  PRIMARY KEY (`id`),
  KEY `fk_rails_5032e09057` (`customer_id`),
  KEY `fk_rails_e07c0a9c5f` (`number_id`),
  KEY `fk_rails_2b6fb1a934` (`issue_number_import_log_id`),
  CONSTRAINT `fk_rails_2b6fb1a934` FOREIGN KEY (`issue_number_import_log_id`) REFERENCES `import_logs` (`id`) ON DELETE CASCADE,
  CONSTRAINT `fk_rails_5032e09057` FOREIGN KEY (`customer_id`) REFERENCES `customers` (`id`),
  CONSTRAINT `fk_rails_e07c0a9c5f` FOREIGN KEY (`number_id`) REFERENCES `numbers` (`id`)
) ENGINE=InnoDB AUTO_INCREMENT=1197 DEFAULT CHARSET=utf8 COLLATE=utf8_unicode_ci;
/*!40101 SET character_set_client = @saved_cs_client */;

--
-- Dumping data for table `issue_numbers`
--

LOCK TABLES `issue_numbers` WRITE;
/*!40000 ALTER TABLE `issue_numbers` DISABLE KEYS */;
INSERT INTO `issue_numbers` VALUES (1120,130,1050,129,'2016-03-24',NULL,'2016-03-24 12:52:32','2016-03-24 12:52:32'),(1121,130,1051,129,'2016-03-24',NULL,'2016-03-24 12:52:32','2016-03-24 12:52:32'),(1122,130,1052,129,'2016-03-24',NULL,'2016-03-24 12:52:32','2016-03-24 12:52:32'),(1123,130,1053,129,'2016-03-24',NULL,'2016-03-24 12:52:32','2016-03-24 12:52:32'),(1124,130,1054,129,'2016-03-24',NULL,'2016-03-24 12:52:32','2016-03-24 12:52:32'),(1125,130,1055,129,'2016-03-24',NULL,'2016-03-24 12:52:32','2016-03-24 12:52:32'),(1126,130,1056,129,'2015-05-26',NULL,'2016-03-24 12:52:32','2016-03-24 12:52:32'),(1127,130,1057,129,'2016-03-24',NULL,'2016-03-24 12:52:32','2016-03-24 12:52:32'),(1128,130,1058,129,'2016-03-24',NULL,'2016-03-24 12:52:33','2016-03-24 12:52:33'),(1129,130,1059,129,'2016-03-24',NULL,'2016-03-24 12:52:33','2016-03-24 12:52:33'),(1130,130,1060,129,'2016-03-24',NULL,'2016-03-24 12:52:33','2016-03-24 12:52:33'),(1131,130,1061,129,'2016-03-24',NULL,'2016-03-24 12:52:33','2016-03-24 12:52:33'),(1132,130,1062,129,'2016-03-24',NULL,'2016-03-24 12:52:33','2016-03-24 12:52:33'),(1133,130,1063,129,'2015-05-26',NULL,'2016-03-24 12:52:33','2016-03-24 12:52:33'),(1134,130,1064,129,'2016-03-24',NULL,'2016-03-24 12:52:33','2016-03-24 12:52:33'),(1135,130,1065,129,'2016-03-24',NULL,'2016-03-24 12:52:33','2016-03-24 12:52:33'),(1136,130,1066,129,'2016-03-24',NULL,'2016-03-24 12:52:34','2016-03-24 12:52:34'),(1137,130,1067,129,'2016-03-24',NULL,'2016-03-24 12:52:34','2016-03-24 12:52:34'),(1138,130,1068,129,'2016-03-24',NULL,'2016-03-24 12:52:34','2016-03-24 12:52:34'),(1139,130,1069,129,'2016-03-24',NULL,'2016-03-24 12:52:34','2016-03-24 12:52:34'),(1140,130,1070,129,'2016-03-24',NULL,'2016-03-24 12:52:34','2016-03-24 12:52:34'),(1141,130,1071,129,'2016-03-24',NULL,'2016-03-24 12:52:34','2016-03-24 12:52:34'),(1142,130,1072,129,'2016-03-24',NULL,'2016-03-24 12:52:34','2016-03-24 12:52:34'),(1143,130,1073,129,'2015-05-26',NULL,'2016-03-24 12:52:34','2016-03-24 12:52:34'),(1144,130,1074,129,'2015-05-26',NULL,'2016-03-24 12:52:34','2016-03-24 12:52:34'),(1145,130,1075,129,'2015-05-26',NULL,'2016-03-24 12:52:34','2016-03-24 12:52:34'),(1146,130,1076,129,'2016-03-24',NULL,'2016-03-24 12:52:35','2016-03-24 12:52:35'),(1147,130,1077,129,'2016-03-24',NULL,'2016-03-24 12:52:35','2016-03-24 12:52:35'),(1148,130,1078,129,'2016-03-24',NULL,'2016-03-24 12:52:35','2016-03-24 12:52:35'),(1149,130,1079,129,'2016-03-24',NULL,'2016-03-24 12:52:35','2016-03-24 12:52:35'),(1150,130,1080,129,'2016-03-24',NULL,'2016-03-24 12:52:35','2016-03-24 12:52:35'),(1151,130,1081,129,'2016-03-24',NULL,'2016-03-24 12:52:35','2016-03-24 12:52:35'),(1152,130,1082,129,'2016-03-24',NULL,'2016-03-24 12:52:35','2016-03-24 12:52:35'),(1153,130,1083,129,'2016-03-24',NULL,'2016-03-24 12:52:35','2016-03-24 12:52:35'),(1154,130,1084,129,'2016-03-24',NULL,'2016-03-24 12:52:35','2016-03-24 12:52:35'),(1155,131,1085,129,'2016-03-24',NULL,'2016-03-24 12:52:35','2016-03-24 12:52:35'),(1156,131,1086,129,'2016-03-24',NULL,'2016-03-24 12:52:36','2016-03-24 12:52:36'),(1157,131,1087,129,'2016-03-24',NULL,'2016-03-24 12:52:36','2016-03-24 12:52:36'),(1158,131,1088,129,'2016-03-24',NULL,'2016-03-24 12:52:36','2016-03-24 12:52:36'),(1159,131,1089,129,'2016-03-24',NULL,'2016-03-24 12:52:36','2016-03-24 12:52:36'),(1160,132,1090,129,'2016-03-24',NULL,'2016-03-24 12:52:37','2016-03-24 12:52:37'),(1161,131,1091,129,'2016-03-24',NULL,'2016-03-24 12:52:37','2016-03-24 12:52:37'),(1162,131,1092,129,'2016-03-24',NULL,'2016-03-24 12:52:37','2016-03-24 12:52:37'),(1163,131,1093,129,'2016-03-24',NULL,'2016-03-24 12:52:37','2016-03-24 12:52:37'),(1164,131,1094,129,'2016-03-24',NULL,'2016-03-24 12:52:37','2016-03-24 12:52:37'),(1165,131,1095,129,'2016-03-24',NULL,'2016-03-24 12:52:37','2016-03-24 12:52:37'),(1166,131,1096,129,'2016-03-24',NULL,'2016-03-24 12:52:37','2016-03-24 12:52:37'),(1167,131,1097,129,'2016-03-24',NULL,'2016-03-24 12:52:37','2016-03-24 12:52:37'),(1168,131,1098,129,'2016-03-24',NULL,'2016-03-24 12:52:37','2016-03-24 12:52:37'),(1169,131,1099,129,'2016-03-24',NULL,'2016-03-24 12:52:37','2016-03-24 12:52:37'),(1170,131,1100,129,'2016-03-24',NULL,'2016-03-24 12:52:38','2016-03-24 12:52:38'),(1171,131,1101,129,'2016-03-24',NULL,'2016-03-24 12:52:38','2016-03-24 12:52:38'),(1172,131,1102,129,'2016-03-24',NULL,'2016-03-24 12:52:38','2016-03-24 12:52:38'),(1173,131,1103,129,'2016-03-24',NULL,'2016-03-24 12:52:38','2016-03-24 12:52:38'),(1174,131,1104,129,'2016-03-24',NULL,'2016-03-24 12:52:38','2016-03-24 12:52:38'),(1175,131,1105,129,'2016-03-24',NULL,'2016-03-24 12:52:38','2016-03-24 12:52:38'),(1176,131,1106,129,'2016-03-24',NULL,'2016-03-24 12:52:38','2016-03-24 12:52:38'),(1177,131,1107,129,'2016-03-24',NULL,'2016-03-24 12:52:38','2016-03-24 12:52:38'),(1178,131,1108,129,'2016-03-24',NULL,'2016-03-24 12:52:38','2016-03-24 12:52:38'),(1179,131,1109,129,'2016-03-24',NULL,'2016-03-24 12:52:38','2016-03-24 12:52:38'),(1180,133,1110,129,'2016-03-24',NULL,'2016-03-24 12:52:38','2016-03-24 12:52:38'),(1181,133,1111,129,'2016-03-24',NULL,'2016-03-24 12:52:39','2016-03-24 12:52:39'),(1182,134,1112,129,'2015-03-03',NULL,'2016-03-24 12:52:39','2016-03-24 12:52:39'),(1183,135,1113,129,'2016-01-14','2016-01-14','2016-03-24 12:52:39','2016-03-24 12:52:39'),(1184,132,1113,129,'2016-03-24',NULL,'2016-03-24 12:52:39','2016-03-24 12:52:39'),(1185,136,1114,129,'2015-04-24',NULL,'2016-03-24 12:52:39','2016-03-24 12:52:39'),(1186,138,1115,143,'2015-05-05',NULL,'2016-03-31 11:40:18','2016-03-31 11:40:18'),(1187,138,1116,143,'2015-05-05',NULL,'2016-03-31 11:40:18','2016-03-31 11:40:18'),(1188,138,1117,143,'2015-05-05',NULL,'2016-03-31 11:40:18','2016-03-31 11:40:18'),(1189,138,1118,143,'2015-05-05',NULL,'2016-03-31 11:40:18','2016-03-31 11:40:18'),(1190,139,1119,143,'2015-11-26',NULL,'2016-03-31 11:40:18','2016-03-31 11:40:18'),(1191,140,1120,143,'2015-08-07',NULL,'2016-03-31 11:40:18','2016-03-31 11:40:18'),(1192,141,1121,143,'2015-05-05','2015-12-09','2016-03-31 11:40:18','2016-03-31 11:40:18'),(1193,142,1121,143,'2016-03-31',NULL,'2016-03-31 11:40:18','2016-03-31 11:40:18'),(1194,132,1122,143,'2016-03-31',NULL,'2016-03-31 11:40:19','2016-03-31 11:40:19'),(1195,132,1123,143,'2016-03-31',NULL,'2016-03-31 11:40:19','2016-03-31 11:40:19'),(1196,143,1124,143,'2016-03-31',NULL,'2016-03-31 11:40:19','2016-03-31 11:40:19');
/*!40000 ALTER TABLE `issue_numbers` ENABLE KEYS */;
UNLOCK TABLES;

--
-- Table structure for table `numbers`
--

DROP TABLE IF EXISTS `numbers`;
/*!40101 SET @saved_cs_client     = @@character_set_client */;
/*!40101 SET character_set_client = utf8 */;
CREATE TABLE `numbers` (
  `id` int(11) NOT NULL AUTO_INCREMENT,
  `phone_num` varchar(255) COLLATE utf8_unicode_ci DEFAULT NULL,
  `real_num` varchar(255) COLLATE utf8_unicode_ci DEFAULT NULL,
  `apply_at` date DEFAULT NULL,
  `company_id` int(11) DEFAULT NULL,
  `created_at` datetime NOT NULL,
  `updated_at` datetime NOT NULL,
  `number_import_log_id` int(11) DEFAULT NULL,
  `issue_number_import_log_id` int(11) DEFAULT NULL,
  PRIMARY KEY (`id`),
  KEY `fk_rails_2102df6c07` (`company_id`),
  KEY `fk_rails_0c12007242` (`number_import_log_id`),
  KEY `fk_rails_83eafb31ee` (`issue_number_import_log_id`),
  CONSTRAINT `fk_rails_0c12007242` FOREIGN KEY (`number_import_log_id`) REFERENCES `import_logs` (`id`) ON DELETE CASCADE,
  CONSTRAINT `fk_rails_2102df6c07` FOREIGN KEY (`company_id`) REFERENCES `companies` (`id`) ON DELETE CASCADE,
  CONSTRAINT `fk_rails_83eafb31ee` FOREIGN KEY (`issue_number_import_log_id`) REFERENCES `import_logs` (`id`) ON DELETE CASCADE
) ENGINE=InnoDB AUTO_INCREMENT=1125 DEFAULT CHARSET=utf8 COLLATE=utf8_unicode_ci;
/*!40101 SET character_set_client = @saved_cs_client */;

--
-- Dumping data for table `numbers`
--

LOCK TABLES `numbers` WRITE;
/*!40000 ALTER TABLE `numbers` DISABLE KEYS */;
INSERT INTO `numbers` VALUES (1050,'13388607563',NULL,'2016-03-24',552,'2016-03-24 12:52:31','2016-03-24 12:52:31',NULL,129),(1051,'13388607617',NULL,'2016-03-24',552,'2016-03-24 12:52:32','2016-03-24 12:52:32',NULL,129),(1052,'13388607659',NULL,'2016-03-24',552,'2016-03-24 12:52:32','2016-03-24 12:52:32',NULL,129),(1053,'13388607660',NULL,'2016-03-24',552,'2016-03-24 12:52:32','2016-03-24 12:52:32',NULL,129),(1054,'13388607731',NULL,'2016-03-24',552,'2016-03-24 12:52:32','2016-03-24 12:52:32',NULL,129),(1055,'13388607737',NULL,'2016-03-24',552,'2016-03-24 12:52:32','2016-03-24 12:52:32',NULL,129),(1056,'15372040272','8989 0314 8057 1431 459','2016-03-24',552,'2016-03-24 12:52:32','2016-03-24 12:52:32',NULL,129),(1057,'15372040529',NULL,'2016-03-24',552,'2016-03-24 12:52:32','2016-03-24 12:52:32',NULL,129),(1058,'15372040836',NULL,'2016-03-24',552,'2016-03-24 12:52:32','2016-03-24 12:52:32',NULL,129),(1059,'15372040891',NULL,'2016-03-24',552,'2016-03-24 12:52:33','2016-03-24 12:52:33',NULL,129),(1060,'15372040937',NULL,'2016-03-24',552,'2016-03-24 12:52:33','2016-03-24 12:52:33',NULL,129),(1061,'18072810721',NULL,'2016-03-24',552,'2016-03-24 12:52:33','2016-03-24 12:52:33',NULL,129),(1062,'18072810722',NULL,'2016-03-24',552,'2016-03-24 12:52:33','2016-03-24 12:52:33',NULL,129),(1063,'18072810723','8986 0314 8057 1431 455','2016-03-24',552,'2016-03-24 12:52:33','2016-03-24 12:52:33',NULL,129),(1064,'18072810726',NULL,'2016-03-24',552,'2016-03-24 12:52:33','2016-03-24 12:52:33',NULL,129),(1065,'18072810727',NULL,'2016-03-24',552,'2016-03-24 12:52:33','2016-03-24 12:52:33',NULL,129),(1066,'18072810729',NULL,'2016-03-24',552,'2016-03-24 12:52:33','2016-03-24 12:52:33',NULL,129),(1067,'18072810730',NULL,'2016-03-24',552,'2016-03-24 12:52:34','2016-03-24 12:52:34',NULL,129),(1068,'18072810731',NULL,'2016-03-24',552,'2016-03-24 12:52:34','2016-03-24 12:52:34',NULL,129),(1069,'18072810732',NULL,'2016-03-24',552,'2016-03-24 12:52:34','2016-03-24 12:52:34',NULL,129),(1070,'18072810736',NULL,'2016-03-24',552,'2016-03-24 12:52:34','2016-03-24 12:52:34',NULL,129),(1071,'18072810737',NULL,'2016-03-24',552,'2016-03-24 12:52:34','2016-03-24 12:52:34',NULL,129),(1072,'18072810751',NULL,'2016-03-24',552,'2016-03-24 12:52:34','2016-03-24 12:52:34',NULL,129),(1073,'18072810752','8986 0314 8057 1431 454','2016-03-24',552,'2016-03-24 12:52:34','2016-03-24 12:52:34',NULL,129),(1074,'18072810756','8986 0314 8057 1431 456','2016-03-24',552,'2016-03-24 12:52:34','2016-03-24 12:52:34',NULL,129),(1075,'18072810759','8986 0314 8057 1431 453','2016-03-24',552,'2016-03-24 12:52:34','2016-03-24 12:52:34',NULL,129),(1076,'18072810782',NULL,'2016-03-24',552,'2016-03-24 12:52:34','2016-03-24 12:52:34',NULL,129),(1077,'18072810787',NULL,'2016-03-24',552,'2016-03-24 12:52:35','2016-03-24 12:52:35',NULL,129),(1078,'18072810790',NULL,'2016-03-24',552,'2016-03-24 12:52:35','2016-03-24 12:52:35',NULL,129),(1079,'18072810791',NULL,'2016-03-24',552,'2016-03-24 12:52:35','2016-03-24 12:52:35',NULL,129),(1080,'18072810792',NULL,'2016-03-24',552,'2016-03-24 12:52:35','2016-03-24 12:52:35',NULL,129),(1081,'18072810793',NULL,'2016-03-24',552,'2016-03-24 12:52:35','2016-03-24 12:52:35',NULL,129),(1082,'18072810795',NULL,'2016-03-24',552,'2016-03-24 12:52:35','2016-03-24 12:52:35',NULL,129),(1083,'18072810797',NULL,'2016-03-24',552,'2016-03-24 12:52:35','2016-03-24 12:52:35',NULL,129),(1084,'18072810801',NULL,'2016-03-24',552,'2016-03-24 12:52:35','2016-03-24 12:52:35',NULL,129),(1085,'18969134006','8986 0312 8057 1199 695','2016-03-24',553,'2016-03-24 12:52:35','2016-03-24 12:52:35',NULL,129),(1086,'18969134017','8986 0312 8057 1199 704','2016-03-24',553,'2016-03-24 12:52:36','2016-03-24 12:52:36',NULL,129),(1087,'18969134029','8986 0312 8057 1199 714','2016-03-24',553,'2016-03-24 12:52:36','2016-03-24 12:52:36',NULL,129),(1088,'18969134033','8986 0312 8057 1199 718','2016-03-24',553,'2016-03-24 12:52:36','2016-03-24 12:52:36',NULL,129),(1089,'18969134035','8986 0312 8057 1199 720','2016-03-24',553,'2016-03-24 12:52:36','2016-03-24 12:52:36',NULL,129),(1090,'18969134050','8986 0312 8057 1199 732','2016-03-24',553,'2016-03-24 12:52:36','2016-03-24 12:52:36',NULL,129),(1091,'18969134062','8986 0312 8057 1199 743','2016-03-24',553,'2016-03-24 12:52:37','2016-03-24 12:52:37',NULL,129),(1092,'18969134134','8986 0312 8057 1199 804','2016-03-24',553,'2016-03-24 12:52:37','2016-03-24 12:52:37',NULL,129),(1093,'18969134135','8986 0312 8057 1199 805','2016-03-24',553,'2016-03-24 12:52:37','2016-03-24 12:52:37',NULL,129),(1094,'18969134143','8986 0312 8057 1199 811','2016-03-24',553,'2016-03-24 12:52:37','2016-03-24 12:52:37',NULL,129),(1095,'18969134146','8986 0312 8057 1199 814','2016-03-24',553,'2016-03-24 12:52:37','2016-03-24 12:52:37',NULL,129),(1096,'18058404404','8986 0312 0057 1742 250','2016-03-24',553,'2016-03-24 12:52:37','2016-03-24 12:52:37',NULL,129),(1097,'18058404406','8987 0312 0057 1742 252','2016-03-24',553,'2016-03-24 12:52:37','2016-03-24 12:52:37',NULL,129),(1098,'18058404407','8987 0312 0057 1742 253','2016-03-24',553,'2016-03-24 12:52:37','2016-03-24 12:52:37',NULL,129),(1099,'18058404409','8987 0312 0057 1742 254','2016-03-24',553,'2016-03-24 12:52:37','2016-03-24 12:52:37',NULL,129),(1100,'18058404410','8987 0312 0057 1742 255','2016-03-24',553,'2016-03-24 12:52:37','2016-03-24 12:52:37',NULL,129),(1101,'18058404414','8987 0312 0057 1742 259','2016-03-24',553,'2016-03-24 12:52:38','2016-03-24 12:52:38',NULL,129),(1102,'18058404427','8987 0312 0057 1742','2016-03-24',553,'2016-03-24 12:52:38','2016-03-24 12:52:38',NULL,129),(1103,'18058404431','8987 0312 0057 1742','2016-03-24',553,'2016-03-24 12:52:38','2016-03-24 12:52:38',NULL,129),(1104,'18058404435','8987 0312 0057 1742','2016-03-24',553,'2016-03-24 12:52:38','2016-03-24 12:52:38',NULL,129),(1105,'18058404436','8987 0312 0057 1742','2016-03-24',553,'2016-03-24 12:52:38','2016-03-24 12:52:38',NULL,129),(1106,'18058404437','8987 0312 0057 1742','2016-03-24',553,'2016-03-24 12:52:38','2016-03-24 12:52:38',NULL,129),(1107,'18058404439','8987 0312 0057 1742','2016-03-24',553,'2016-03-24 12:52:38','2016-03-24 12:52:38',NULL,129),(1108,'18058404450','8987 0312 0057 1742','2016-03-24',553,'2016-03-24 12:52:38','2016-03-24 12:52:38',NULL,129),(1109,'18058404451','8987 0312 0057 1742','2016-03-24',553,'2016-03-24 12:52:38','2016-03-24 12:52:38',NULL,129),(1110,'18957122174','8986 0313 9057 1144 186','2016-03-24',554,'2016-03-24 12:52:38','2016-03-24 12:52:38',NULL,129),(1111,'18957122184','8986 0313 9057 1144 187','2016-03-24',554,'2016-03-24 12:52:39','2016-03-24 12:52:39',NULL,129),(1112,'18957122274','8986 0313 9057 1144 193','2016-03-24',554,'2016-03-24 12:52:39','2016-03-24 12:52:39',NULL,129),(1113,'18957122314','8986 0313 9057 1144 196','2016-03-24',554,'2016-03-24 12:52:39','2016-03-24 12:52:39',NULL,129),(1114,'18957122324','8986 0314 8057 1461 878','2016-03-24',554,'2016-03-24 12:52:39','2016-03-24 12:52:39',NULL,129),(1115,'15355041805','8986 0314 1057 1233 284','2016-03-31',555,'2016-03-31 11:40:18','2016-03-31 11:40:18',NULL,143),(1116,'15355043051','8986 0314 1057 1233 285','2016-03-31',555,'2016-03-31 11:40:18','2016-03-31 11:40:18',NULL,143),(1117,'15355043063','8986 0314 1057 1233 286','2016-03-31',555,'2016-03-31 11:40:18','2016-03-31 11:40:18',NULL,143),(1118,'15355040702','8986 0314 1057 1233 287','2016-03-31',555,'2016-03-31 11:40:18','2016-03-31 11:40:18',NULL,143),(1119,'15355040727','8986 0314 1057 1233 288','2016-03-31',555,'2016-03-31 11:40:18','2016-03-31 11:40:18',NULL,143),(1120,'15355047636','8986 0314 1057 1233 290','2016-03-31',555,'2016-03-31 11:40:18','2016-03-31 11:40:18',NULL,143),(1121,'15355043159','8986 0314 1057 1233 292','2016-03-31',555,'2016-03-31 11:40:18','2016-03-31 11:40:18',NULL,143),(1122,'15355040875','8986 0314 1057 1233 296','2016-03-31',555,'2016-03-31 11:40:19','2016-03-31 11:40:19',NULL,143),(1123,'15355040902','8986 0314 1057 1233 298','2016-03-31',555,'2016-03-31 11:40:19','2016-03-31 11:40:19',NULL,143),(1124,'15355040905','8986 0314 1057 1233 299','2016-03-31',555,'2016-03-31 11:40:19','2016-03-31 11:40:19',NULL,143);
/*!40000 ALTER TABLE `numbers` ENABLE KEYS */;
UNLOCK TABLES;

--
-- Table structure for table `schema_migrations`
--

DROP TABLE IF EXISTS `schema_migrations`;
/*!40101 SET @saved_cs_client     = @@character_set_client */;
/*!40101 SET character_set_client = utf8 */;
CREATE TABLE `schema_migrations` (
  `version` varchar(255) COLLATE utf8_unicode_ci NOT NULL,
  UNIQUE KEY `unique_schema_migrations` (`version`)
) ENGINE=InnoDB DEFAULT CHARSET=utf8 COLLATE=utf8_unicode_ci;
/*!40101 SET character_set_client = @saved_cs_client */;

--
-- Dumping data for table `schema_migrations`
--

LOCK TABLES `schema_migrations` WRITE;
/*!40000 ALTER TABLE `schema_migrations` DISABLE KEYS */;
INSERT INTO `schema_migrations` VALUES ('20160225073419'),('20160226021703'),('20160226023133'),('20160226072317'),('20160226075312'),('20160226075956'),('20160226090349'),('20160226090449'),('20160301060718'),('20160301061545'),('20160301062105'),('20160301062544'),('20160302015107'),('20160314024412'),('20160314024939'),('20160318074232'),('20160318085328'),('20160321033722'),('20160325051833'),('20160325051902');
/*!40000 ALTER TABLE `schema_migrations` ENABLE KEYS */;
UNLOCK TABLES;

--
-- Table structure for table `users`
--

DROP TABLE IF EXISTS `users`;
/*!40101 SET @saved_cs_client     = @@character_set_client */;
/*!40101 SET character_set_client = utf8 */;
CREATE TABLE `users` (
  `id` int(11) NOT NULL AUTO_INCREMENT,
  `login` varchar(255) COLLATE utf8_unicode_ci DEFAULT NULL,
  `hashed_password` varchar(255) COLLATE utf8_unicode_ci DEFAULT NULL,
  `salt` varchar(255) COLLATE utf8_unicode_ci DEFAULT NULL,
  `created_at` datetime DEFAULT NULL,
  `updated_at` datetime DEFAULT NULL,
  PRIMARY KEY (`id`)
) ENGINE=InnoDB AUTO_INCREMENT=3 DEFAULT CHARSET=utf8 COLLATE=utf8_unicode_ci;
/*!40101 SET character_set_client = @saved_cs_client */;

--
-- Dumping data for table `users`
--

LOCK TABLES `users` WRITE;
/*!40000 ALTER TABLE `users` DISABLE KEYS */;
INSERT INTO `users` VALUES (1,'sunli','63b636184710a6941516427d802714bf472783f30c59b29e7a10ad07b3d5ae5d','oomoiq70g3t2fm390qg','2016-02-25 07:54:12','2016-02-25 07:54:12'),(2,'test','78541bf8547533557f0de3f5f180a6a9a6d7197e53babe30a745496fc86b1839','cpasnxinf18dqu25lo1c','2016-02-25 09:09:05','2016-02-25 09:09:05');
/*!40000 ALTER TABLE `users` ENABLE KEYS */;
UNLOCK TABLES;
/*!40103 SET TIME_ZONE=@OLD_TIME_ZONE */;

/*!40101 SET SQL_MODE=@OLD_SQL_MODE */;
/*!40014 SET FOREIGN_KEY_CHECKS=@OLD_FOREIGN_KEY_CHECKS */;
/*!40014 SET UNIQUE_CHECKS=@OLD_UNIQUE_CHECKS */;
/*!40101 SET CHARACTER_SET_CLIENT=@OLD_CHARACTER_SET_CLIENT */;
/*!40101 SET CHARACTER_SET_RESULTS=@OLD_CHARACTER_SET_RESULTS */;
/*!40101 SET COLLATION_CONNECTION=@OLD_COLLATION_CONNECTION */;
/*!40111 SET SQL_NOTES=@OLD_SQL_NOTES */;

-- Dump completed on 2016-04-01 16:02:19
